{
  "schemaVersion": "nodevideo.creatorbench-sealed-evaluation-receipt/v1",
  "benchmarkVersion": "creatorbench-v1",
  "generatedAt": "2026-07-22T05:23:03.934Z",
  "population": {
    "instanceCount": 24,
    "sourceCount": 3,
    "creatorCount": 1,
    "domainCount": 1,
    "workflowCount": 8
  },
  "outcomes": {
    "automatic_usable": {
      "numerator": 0,
      "denominator": 24,
      "rate": 0,
      "confidenceInterval": {
        "lower": 1.1962983316807505e-17,
        "upper": 0.1379762046749802
      }
    },
    "assisted_usable": {
      "numerator": 0,
      "denominator": 24,
      "rate": 0,
      "confidenceInterval": {
        "lower": 1.1962983316807505e-17,
        "upper": 0.1379762046749802
      }
    },
    "review_required": {
      "numerator": 15,
      "denominator": 24,
      "rate": 0.625,
      "confidenceInterval": {
        "lower": 0.4270996244267427,
        "upper": 0.7884063244045122
      }
    },
    "safely_abstained": {
      "numerator": 9,
      "denominator": 24,
      "rate": 0.375,
      "confidenceInterval": {
        "lower": 0.21159367559548778,
        "upper": 0.5729003755732572
      }
    },
    "unsupported": {
      "numerator": 0,
      "denominator": 24,
      "rate": 0,
      "confidenceInterval": {
        "lower": 1.1962983316807505e-17,
        "upper": 0.1379762046749802
      }
    },
    "technical_failure": {
      "numerator": 0,
      "denominator": 24,
      "rate": 0,
      "confidenceInterval": {
        "lower": 1.1962983316807505e-17,
        "upper": 0.1379762046749802
      }
    },
    "silent_failure": {
      "numerator": 0,
      "denominator": 24,
      "rate": 0,
      "confidenceInterval": {
        "lower": 1.1962983316807505e-17,
        "upper": 0.1379762046749802
      }
    }
  },
  "resultsSha256": "sha256:73341230db5a3d6d0de1853eb9408f551fae15eff16a10605815a5c675a7204f",
  "privateMediaExposed": false
}
