{
  "schemaVersion": "nodevideo.creatorbench-sealed-evaluation-receipt/v1",
  "benchmarkVersion": "creatorbench-v1",
  "generatedAt": "2026-07-22T05:25:48.468Z",
  "population": {
    "instanceCount": 24,
    "sourceCount": 3,
    "creatorCount": 3,
    "domainCount": 3,
    "workflowCount": 8
  },
  "outcomes": {
    "automatic_usable": {
      "numerator": 0,
      "denominator": 24,
      "rate": 0,
      "confidenceInterval": {
        "lower": 1.1962983316807505e-17,
        "upper": 0.1379762046749802
      }
    },
    "assisted_usable": {
      "numerator": 0,
      "denominator": 24,
      "rate": 0,
      "confidenceInterval": {
        "lower": 1.1962983316807505e-17,
        "upper": 0.1379762046749802
      }
    },
    "review_required": {
      "numerator": 12,
      "denominator": 24,
      "rate": 0.5,
      "confidenceInterval": {
        "lower": 0.31427425819573357,
        "upper": 0.6857257418042665
      }
    },
    "safely_abstained": {
      "numerator": 12,
      "denominator": 24,
      "rate": 0.5,
      "confidenceInterval": {
        "lower": 0.31427425819573357,
        "upper": 0.6857257418042665
      }
    },
    "unsupported": {
      "numerator": 0,
      "denominator": 24,
      "rate": 0,
      "confidenceInterval": {
        "lower": 1.1962983316807505e-17,
        "upper": 0.1379762046749802
      }
    },
    "technical_failure": {
      "numerator": 0,
      "denominator": 24,
      "rate": 0,
      "confidenceInterval": {
        "lower": 1.1962983316807505e-17,
        "upper": 0.1379762046749802
      }
    },
    "silent_failure": {
      "numerator": 0,
      "denominator": 24,
      "rate": 0,
      "confidenceInterval": {
        "lower": 1.1962983316807505e-17,
        "upper": 0.1379762046749802
      }
    }
  },
  "resultsSha256": "sha256:fa3e1136dbbd4f1f5e38c50480fba6871d14edc76dc36b7df1cb7c3333efaec3",
  "privateMediaExposed": false
}
